2013-01-01,0,28999
2013-01-01,5,10828
2013-01-01,4,18271
2013-01-01,15,19734
2013-01-01,20,16363
2013-01-01,12,18551
2013-01-01,23,11079
2013-01-01,3,25300
2013-01-01,7,6917
2013-01-01,13,19745
2013-01-01,16,18012
2013-01-01,9,7498
2013-01-01,11,14982
2013-01-01,10,10690
2013-01-01,17,19697
2013-01-01,6,7969
2013-01-01,1,31799
2013-01-01,21,15944
2013-01-01,8,6052
2013-01-01,2,29182
2013-01-01,18,21390
2013-01-01,19,18409
2013-01-01,14,20034
2013-01-01,22,15184
2013-01-02,2,2870
2013-01-02,21,20282
2013-01-02,22,18597
2013-01-02,11,19302
2013-01-02,9,22756
2013-01-02,5,4196
2013-01-02,6,10898
2013-01-02,19,26440
2013-01-02,4,2475
2013-01-02,14,21643
2013-01-02,13,21245
2013-01-02,18,27334
2013-01-02,20,22366
2013-01-02,16,19193
2013-01-02,17,23056
2013-01-02,23,13819
2013-01-02,3,2016
2013-01-02,0,7480
2013-01-02,10,19765
2013-01-02,15,21273
2013-01-02,1,4570
2013-01-02,7,17376
2013-01-02,8,23013
2013-01-02,12,21036
2013-01-03,12,22043
2013-01-03,4,2759
2013-01-03,20,26767
2013-01-03,22,23812
2013-01-03,8,24752
2013-01-03,0,9776
2013-01-03,10,21400
2013-01-03,2,4027
2013-01-03,3,2766
2013-01-03,11,20921
2013-01-03,9,25566
2013-01-03,1,6173
2013-01-03,17,24659
2013-01-03,5,4009
2013-01-03,15,22339
2013-01-03,21,26337
2013-01-03,23,17785
2013-01-03,13,22501
2013-01-03,18,30533
2013-01-03,6,10615
2013-01-03,14,23148
2013-01-03,7,18279
2013-01-03,16,19898
2013-01-03,19,30368
2013-01-04,14,23799
2013-01-04,15,22942
2013-01-04,16,20436
2013-01-04,2,5540
2013-01-04,21,27937
2013-01-04,23,28023
2013-01-04,6,10407
2013-01-04,1,8356
2013-01-04,10,21388
2013-01-04,13,22481
2013-01-04,11,21262
2013-01-04,18,31225
2013-01-04,20,30098
2013-01-04,5,3953
2013-01-04,4,3344
2013-01-04,12,22634
2013-01-04,22,29966
2013-01-04,17,25048
2013-01-04,19,33923
2013-01-04,9,25053
2013-01-04,3,3835
2013-01-04,0,13073
2013-01-04,7,18659
2013-01-04,8,25055
2013-01-05,3,12673
2013-01-05,5,3799
2013-01-05,6,4291
2013-01-05,0,26170
2013-01-05,10,17600
2013-01-05,8,9091
2013-01-05,11,20812
2013-01-05,22,29893
2013-01-05,18,28462
2013-01-05,19,30733
2013-01-05,7,6346
2013-01-05,12,22293
2013-01-05,2,17321
2013-01-05,20,26881
2013-01-05,4,7885
2013-01-05,15,23680
2013-01-05,17,25586
2013-01-05,9,13908
2013-01-05,16,22374
2013-01-05,13,23122
2013-01-05,23,31137
2013-01-05,1,21668
2013-01-05,21,25295
2013-01-05,14,22783
2013-01-06,13,21732
2013-01-06,20,17821
2013-01-06,1,26045
2013-01-06,6,4080
2013-01-06,16,21025
2013-01-06,5,4219
2013-01-06,7,5291
2013-01-06,18,22617
2013-01-06,8,8342
2013-01-06,23,11353
2013-01-06,10,16225
2013-01-06,17,21878
2013-01-06,4,9698
2013-01-06,0,29514
2013-01-06,12,21876
2013-01-06,15,21335
2013-01-06,11,19360
2013-01-06,3,16145
2013-01-06,9,11470
2013-01-06,19,20385
2013-01-06,2,21732
2013-01-06,22,13841
2013-01-06,14,21887
2013-01-06,21,15795
2013-01-07,8,26553
2013-01-07,12,19320
2013-01-07,10,19433
2013-01-07,23,14991
2013-01-07,1,4908
2013-01-07,0,7629
2013-01-07,2,3128
2013-01-07,21,20984
2013-01-07,20,24476
2013-01-07,11,18480
2013-01-07,15,21495
2013-01-07,18,28773
2013-01-07,9,24066
2013-01-07,17,23351
2013-01-07,22,20024
2013-01-07,3,2274
2013-01-07,7,21562
2013-01-07,13,19023
2013-01-07,14,21364
2013-01-07,16,18850
2013-01-07,5,4499
2013-01-07,6,11756
2013-01-07,19,27998
2013-01-07,4,2426
2013-01-08,22,22523
2013-01-08,17,24468
2013-01-08,8,28286
2013-01-08,13,21321
2013-01-08,7,22502
2013-01-08,9,25870
2013-01-08,19,29873
2013-01-08,0,9364
2013-01-08,10,21917
2013-01-08,1,5744
2013-01-08,11,20307
2013-01-08,15,22559
2013-01-08,16,19114
2013-01-08,21,26293
2013-01-08,23,15623
2013-01-08,4,2311
2013-01-08,18,30009
2013-01-08,5,4016
2013-01-08,2,3784
2013-01-08,6,11448
2013-01-08,12,21633
2013-01-08,20,27106
2013-01-08,14,23190
2013-01-08,3,2517
2013-01-09,9,25772
2013-01-09,23,18060
2013-01-09,15,23333
2013-01-09,2,4026
2013-01-09,4,2699
2013-01-09,10,21366
2013-01-09,17,24030
2013-01-09,20,28870
2013-01-09,0,10098
2013-01-09,6,11570
2013-01-09,21,28316
2013-01-09,8,28506
2013-01-09,16,19153
2013-01-09,18,30768
2013-01-09,22,24686
2013-01-09,7,22691
2013-01-09,3,2992
2013-01-09,5,4060
2013-01-09,11,21120
2013-01-09,14,23690
2013-01-09,19,30818
2013-01-09,1,6457
2013-01-09,12,22393
2013-01-09,13,21997
2013-01-10,20,31512
2013-01-10,14,24379
2013-01-10,5,4231
2013-01-10,7,23138
2013-01-10,15,23390
2013-01-10,22,28896
2013-01-10,8,28868
2013-01-10,0,12301
2013-01-10,16,19873
2013-01-10,23,23759
2013-01-10,1,7432
2013-01-10,2,4855
2013-01-10,11,21667
2013-01-10,21,30785
2013-01-10,13,21901
2013-01-10,6,11603
2013-01-10,17,25019
2013-01-10,12,22770
2013-01-10,3,3182
2013-01-10,9,26778
2013-01-10,10,22705
2013-01-10,19,33438
2013-01-10,4,2917
2013-01-10,18,32550
2013-01-11,11,22178
2013-01-11,13,24802
2013-01-11,14,25682
2013-01-11,2,7393
2013-01-11,20,34020
2013-01-11,10,22541
2013-01-11,12,23856
2013-01-11,8,28163
2013-01-11,3,4903
2013-01-11,6,11824
2013-01-11,7,22445
2013-01-11,23,31103
2013-01-11,22,31886
2013-01-11,15,24742
2013-01-11,19,35425
2013-01-11,21,32632
2013-01-11,5,4412
2013-01-11,4,3931
2013-01-11,16,19742
2013-01-11,17,24236
2013-01-11,18,30854
2013-01-11,1,11260
2013-01-11,9,26371
2013-01-11,0,16997
2013-01-12,23,34245
2013-01-12,4,8556
2013-01-12,16,23142
2013-01-12,17,25907
2013-01-12,9,15551
2013-01-12,13,24869
2013-01-12,22,31038
2013-01-12,10,19578
2013-01-12,0,28271
2013-01-12,15,24564
2013-01-12,2,19456
2013-01-12,7,6705
2013-01-12,21,28247
2013-01-12,8,10588
2013-01-12,5,4021
2013-01-12,6,4316
2013-01-12,3,14044
2013-01-12,18,29518
2013-01-12,20,29259
2013-01-12,1,23818
2013-01-12,11,21718
2013-01-12,12,24030
2013-01-12,14,23934
2013-01-12,19,32054
2013-01-13,20,18256
2013-01-13,13,23887
2013-01-13,6,4206
2013-01-13,2,25051
2013-01-13,7,5622
2013-01-13,22,15512
2013-01-13,23,13780
2013-01-13,14,24171
2013-01-13,19,20476
2013-01-13,9,12304
2013-01-13,17,23435
2013-01-13,10,17727
2013-01-13,12,23758
2013-01-13,18,23617
2013-01-13,21,16863
2013-01-13,3,19260
2013-01-13,4,11753
2013-01-13,1,28999
2013-01-13,16,22755
2013-01-13,15,23189
2013-01-13,8,8425
2013-01-13,0,32565
2013-01-13,11,22168
2013-01-13,5,4762
2013-01-14,0,8804
2013-01-14,20,25953
2013-01-14,21,26350
2013-01-14,18,30127
2013-01-14,8,27858
2013-01-14,17,24237
2013-01-14,1,5809
2013-01-14,10,21127
2013-01-14,23,16410
2013-01-14,12,20918
2013-01-14,16,20218
2013-01-14,19,29313
2013-01-14,2,3556
2013-01-14,7,22754
2013-01-14,11,20061
2013-01-14,22,25948
2013-01-14,4,2648
2013-01-14,5,4484
2013-01-14,9,25921
2013-01-14,13,20953
2013-01-14,3,2526
2013-01-14,6,12378
2013-01-14,14,22479
2013-01-14,15,22818
2013-01-15,12,24116
2013-01-15,20,31525
2013-01-15,21,30830
2013-01-15,5,4165
2013-01-15,15,24929
2013-01-15,18,33693
2013-01-15,2,3903
2013-01-15,16,21219
2013-01-15,8,30119
2013-01-15,0,10453
2013-01-15,13,23620
2013-01-15,19,34272
2013-01-15,17,26877
2013-01-15,14,25604
2013-01-15,9,28033
2013-01-15,11,23169
2013-01-15,22,28378
2013-01-15,23,20798
2013-01-15,3,2577
2013-01-15,10,23952
2013-01-15,1,6299
2013-01-15,4,2315
2013-01-15,6,12128
2013-01-15,7,23925
2013-01-16,16,19717
2013-01-16,11,24550
2013-01-16,22,27903
2013-01-16,7,24567
2013-01-16,18,32445
2013-01-16,19,33502
2013-01-16,1,7984
2013-01-16,10,25380
2013-01-16,13,23460
2013-01-16,20,31175
2013-01-16,2,4888
2013-01-16,5,4638
2013-01-16,8,28891
2013-01-16,12,25096
2013-01-16,17,25499
2013-01-16,9,27560
2013-01-16,3,3319
2013-01-16,23,20380
2013-01-16,21,29996
2013-01-16,6,13356
2013-01-16,0,13562
2013-01-16,14,25454
2013-01-16,15,23647
2013-01-16,4,3096
2013-01-17,12,24035
2013-01-17,18,32971
2013-01-17,15,24802
2013-01-17,0,13578
2013-01-17,1,8119
2013-01-17,11,22686
2013-01-17,4,3221
2013-01-17,14,25768
2013-01-17,19,33826
2013-01-17,7,24281
2013-01-17,16,20143
2013-01-17,2,5333
2013-01-17,21,32982
2013-01-17,9,27285
2013-01-17,13,23586
2013-01-17,20,33292
2013-01-17,23,26073
2013-01-17,22,31583
2013-01-17,5,4640
2013-01-17,6,12400
2013-01-17,10,23528
2013-01-17,3,3409
2013-01-17,17,25525
2013-01-17,8,29467
2013-01-18,11,24906
2013-01-18,14,26940
2013-01-18,0,18472
2013-01-18,17,24435
2013-01-18,9,27741
2013-01-18,20,33834
2013-01-18,3,5371
2013-01-18,7,23791
2013-01-18,21,31825
2013-01-18,22,33842
2013-01-18,4,4512
2013-01-18,13,25146
2013-01-18,18,32611
2013-01-18,2,8070
2013-01-18,23,32512
2013-01-18,6,12375
2013-01-18,15,24842
2013-01-18,16,19957
2013-01-18,5,5202
2013-01-18,10,24961
2013-01-18,19,35202
2013-01-18,12,25687
2013-01-18,8,29574
2013-01-18,1,11926
2013-01-19,0,30113
2013-01-19,20,27835
2013-01-19,3,15752
2013-01-19,1,24995
2013-01-19,14,23648
2013-01-19,16,22177
2013-01-19,7,7391
2013-01-19,8,10916
2013-01-19,13,24605
2013-01-19,2,20668
2013-01-19,10,19344
2013-01-19,11,21703
2013-01-19,23,32780
2013-01-19,9,15845
2013-01-19,22,30795
2013-01-19,5,5328
2013-01-19,19,31775
2013-01-19,18,29896
2013-01-19,21,26957
2013-01-19,6,5674
2013-01-19,12,23463
2013-01-19,15,23039
2013-01-19,17,25519
2013-01-19,4,10312
2013-01-20,19,22660
2013-01-20,10,16510
2013-01-20,6,4323
2013-01-20,1,28452
2013-01-20,18,26980
2013-01-20,2,24394
2013-01-20,4,11924
2013-01-20,13,23217
2013-01-20,5,5001
2013-01-20,21,21776
2013-01-20,15,23465
2013-01-20,17,23410
2013-01-20,22,23100
2013-01-20,3,19214
2013-01-20,9,11698
2013-01-20,8,7770
2013-01-20,16,21789
2013-01-20,12,22221
2013-01-20,0,31939
2013-01-20,23,19079
2013-01-20,20,21077
2013-01-20,11,19916
2013-01-20,7,5224
2013-01-20,14,24254
2013-01-21,23,12847
2013-01-21,0,15281
2013-01-21,1,10844
2013-01-21,22,18130
2013-01-21,15,23171
2013-01-21,20,20298
2013-01-21,4,4185
2013-01-21,16,21289
2013-01-21,19,23645
2013-01-21,13,22470
2013-01-21,10,17599
2013-01-21,11,19471
2013-01-21,6,5768
2013-01-21,14,23731
2013-01-21,17,23511
2013-01-21,2,7523
2013-01-21,21,18790
2013-01-21,3,5320
2013-01-21,7,8401
2013-01-21,18,26439
2013-01-21,8,14025
2013-01-21,12,21388
2013-01-21,5,3551
2013-01-21,9,16937
2013-01-22,3,2079
2013-01-22,4,2197
2013-01-22,1,4731
2013-01-22,0,8367
2013-01-22,13,23987
2013-01-22,8,30404
2013-01-22,7,24458
2013-01-22,11,23545
2013-01-22,21,30793
2013-01-22,18,34289
2013-01-22,20,32321
2013-01-22,16,22441
2013-01-22,12,24378
2013-01-22,2,2911
2013-01-22,17,27348
2013-01-22,6,12930
2013-01-22,15,26501
2013-01-22,14,26281
2013-01-22,23,18268
2013-01-22,19,34391
2013-01-22,22,26588
2013-01-22,9,28128
2013-01-22,10,24425
2013-01-22,5,4244
2013-01-23,13,25321
2013-01-23,14,27318
2013-01-23,18,34446
2013-01-23,7,25827
2013-01-23,1,6267
2013-01-23,6,13282
2013-01-23,0,11345
2013-01-23,10,25728
2013-01-23,19,35004
2013-01-23,4,2553
2013-01-23,20,33347
2013-01-23,23,20396
2013-01-23,8,31289
2013-01-23,2,3764
2013-01-23,12,26415
2013-01-23,15,26546
2013-01-23,21,31487
2013-01-23,22,29058
2013-01-23,5,4398
2013-01-23,16,22068
2013-01-23,17,27260
2013-01-23,9,29897
2013-01-23,3,2593
2013-01-23,11,24911
2013-01-24,8,29316
2013-01-24,15,26561
2013-01-24,1,7448
2013-01-24,11,24061
2013-01-24,18,34732
2013-01-24,21,35393
2013-01-24,3,2937
2013-01-24,16,22331
2013-01-24,2,4618
2013-01-24,13,24640
2013-01-24,17,27561
2013-01-24,14,25767
2013-01-24,6,12768
2013-01-24,20,36144
2013-01-24,23,26944
2013-01-24,7,24202
2013-01-24,12,25035
2013-01-24,4,2794
2013-01-24,5,4363
2013-01-24,0,12738
2013-01-24,10,24414
2013-01-24,9,27957
2013-01-24,19,37103
2013-01-24,22,33212
2013-01-25,4,4066
2013-01-25,10,25741
2013-01-25,13,26115
2013-01-25,22,31241
2013-01-25,23,31441
2013-01-25,14,28362
2013-01-25,16,22449
2013-01-25,17,24585
2013-01-25,3,4996
2013-01-25,6,12682
2013-01-25,11,25183
2013-01-25,19,30203
2013-01-25,7,25214
2013-01-25,20,30291
2013-01-25,12,26489
2013-01-25,2,7371
2013-01-25,15,26479
2013-01-25,21,30243
2013-01-25,1,11376
2013-01-25,0,18473
2013-01-25,18,28022
2013-01-25,8,31492
2013-01-25,5,4992
2013-01-25,9,29682
2013-01-26,19,35471
2013-01-26,7,7859
2013-01-26,6,4876
2013-01-26,13,28169
2013-01-26,17,26890
2013-01-26,2,19343
2013-01-26,8,12733
2013-01-26,23,35966
2013-01-26,0,28235
2013-01-26,4,8982
2013-01-26,1,23543
2013-01-26,16,24623
2013-01-26,12,27404
2013-01-26,14,26388
2013-01-26,3,14422
2013-01-26,20,33356
2013-01-26,18,33907
2013-01-26,10,21852
2013-01-26,22,35490
2013-01-26,15,27177
2013-01-26,11,25357
2013-01-26,21,32605
2013-01-26,5,4397
2013-01-26,9,18158
2013-01-27,13,25805
2013-01-27,22,16720
2013-01-27,16,22089
2013-01-27,2,25793
2013-01-27,5,5333
2013-01-27,1,29979
2013-01-27,7,6944
2013-01-27,8,10021
2013-01-27,11,23442
2013-01-27,4,12320
2013-01-27,17,22978
2013-01-27,12,26092
2013-01-27,0,33467
2013-01-27,14,25543
2013-01-27,19,22788
2013-01-27,3,20015
2013-01-27,21,19501
2013-01-27,10,20006
2013-01-27,15,24476
2013-01-27,23,12703
2013-01-27,20,19916
2013-01-27,18,25875
2013-01-27,6,4798
2013-01-27,9,14229
2013-01-28,17,24779
2013-01-28,8,27945
2013-01-28,21,24416
2013-01-28,10,22552
2013-01-28,14,25172
2013-01-28,20,26569
2013-01-28,18,31033
2013-01-28,9,26874
2013-01-28,16,21167
2013-01-28,13,22157
2013-01-28,0,8203
2013-01-28,3,2273
2013-01-28,2,3186
2013-01-28,4,2682
2013-01-28,1,4718
2013-01-28,22,21517
2013-01-28,7,22731
2013-01-28,11,20856
2013-01-28,19,30189
2013-01-28,23,15036
2013-01-28,12,23808
2013-01-28,15,26115
2013-01-28,5,4540
2013-01-28,6,12271
2013-01-29,1,5457
2013-01-29,11,21746
2013-01-29,4,2157
2013-01-29,15,24373
2013-01-29,12,22835
2013-01-29,5,4089
2013-01-29,8,28931
2013-01-29,3,2167
2013-01-29,21,29710
2013-01-29,17,25839
2013-01-29,7,23439
2013-01-29,0,8957
2013-01-29,9,26936
2013-01-29,6,12268
2013-01-29,10,22629
2013-01-29,13,22974
2013-01-29,14,24739
2013-01-29,16,20233
2013-01-29,18,34029
2013-01-29,19,33598
2013-01-29,20,30748
2013-01-29,2,3442
2013-01-29,22,26405
2013-01-29,23,19679
2013-01-30,0,11970
2013-01-30,7,24404
2013-01-30,9,27544
2013-01-30,1,7070
2013-01-30,10,23059
2013-01-30,4,2754
2013-01-30,21,28875
2013-01-30,22,27680
2013-01-30,16,19304
2013-01-30,13,22761
2013-01-30,11,22266
2013-01-30,3,2864
2013-01-30,8,29414
2013-01-30,17,24253
2013-01-30,2,4402
2013-01-30,12,23248
2013-01-30,20,29765
2013-01-30,23,21822
2013-01-30,19,32549
2013-01-30,14,24617
2013-01-30,15,24018
2013-01-30,18,31441
2013-01-30,6,12223
2013-01-30,5,4075
2013-01-31,2,5784
2013-01-31,13,23542
2013-01-31,19,35814
2013-01-31,12,24318
2013-01-31,14,25809
2013-01-31,18,33959
2013-01-31,9,27429
2013-01-31,17,26174
2013-01-31,21,34884
2013-01-31,3,3774
2013-01-31,15,25502
2013-01-31,0,15152
2013-01-31,22,33213
2013-01-31,10,23766
2013-01-31,5,4655
2013-01-31,11,23002
2013-01-31,16,21155
2013-01-31,23,29412
2013-01-31,8,28771
2013-01-31,20,35582
2013-01-31,1,9119
2013-01-31,7,24031
2013-01-31,4,3157
2013-01-31,6,13157
2013-02-01,10,25507
2013-02-01,17,26252
2013-02-01,19,36492
2013-02-01,14,27574
2013-02-01,21,34738
2013-02-01,0,21200
2013-02-01,15,25113
2013-02-01,1,13140
2013-02-01,12,26171
2013-02-01,23,35067
2013-02-01,22,35481
2013-02-01,11,25723
2013-02-01,16,21364
2013-02-01,18,33752
2013-02-01,5,5038
2013-02-01,6,12683
2013-02-01,9,28378
2013-02-01,7,23798
2013-02-01,13,25867
2013-02-01,20,35916
2013-02-01,4,4522
2013-02-01,8,29193
2013-02-01,2,8518
2013-02-01,3,5589
2013-02-02,13,28257
2013-02-02,10,21876
2013-02-02,2,22988
2013-02-02,3,16779
2013-02-02,20,32718
2013-02-02,22,33216
2013-02-02,19,35280
2013-02-02,17,27380
2013-02-02,12,27806
2013-02-02,15,27698
2013-02-02,9,18019
2013-02-02,11,25051
2013-02-02,16,24761
2013-02-02,21,31512
2013-02-02,18,34359
2013-02-02,23,34023
2013-02-02,5,4988
2013-02-02,1,27536
2013-02-02,4,10555
2013-02-02,8,12405
2013-02-02,14,27458
2013-02-02,0,32538
2013-02-02,7,7412
2013-02-02,6,5162
2013-02-03,14,24220
2013-02-03,21,18890
2013-02-03,19,18568
2013-02-03,2,24298
2013-02-03,23,24614
2013-02-03,0,31965
2013-02-03,10,18596
2013-02-03,11,22309
2013-02-03,15,24102
2013-02-03,17,29128
2013-02-03,9,12980
2013-02-03,22,20145
2013-02-03,20,18392
2013-02-03,12,24137
2013-02-03,4,11116
2013-02-03,8,8850
2013-02-03,13,24260
2013-02-03,16,24497
2013-02-03,18,30310
2013-02-03,7,5578
2013-02-03,1,28060
2013-02-03,3,18790
2013-02-03,5,4620
2013-02-03,6,4198
2013-02-04,11,21049
2013-02-04,12,22535
2013-02-04,21,25288
2013-02-04,20,27671
2013-02-04,23,13869
2013-02-04,8,28368
2013-02-04,14,23489
2013-02-04,15,24266
2013-02-04,13,22173
2013-02-04,9,26317
2013-02-04,1,6049
2013-02-04,19,30985
2013-02-04,2,4010
2013-02-04,22,21544
2013-02-04,4,2846
2013-02-04,7,23072
2013-02-04,10,22119
2013-02-04,16,21521
2013-02-04,5,4780
2013-02-04,18,31477
2013-02-04,6,12535
2013-02-04,0,12080
2013-02-04,3,2703
2013-02-04,17,26347
2013-02-05,21,29884
2013-02-05,11,22447
2013-02-05,15,24293
2013-02-05,3,2098
2013-02-05,5,4102
2013-02-05,6,12715
2013-02-05,1,5056
2013-02-05,17,26125
2013-02-05,8,29774
2013-02-05,12,23751
2013-02-05,13,23449
2013-02-05,14,25603
2013-02-05,4,2240
2013-02-05,0,8951
2013-02-05,18,32865
2013-02-05,2,3155
2013-02-05,9,27938
2013-02-05,22,26472
2013-02-05,7,24214
2013-02-05,10,24015
2013-02-05,20,31484
2013-02-05,19,32755
2013-02-05,16,20516
2013-02-05,23,18735
2013-02-06,13,23944
2013-02-06,2,4054
2013-02-06,16,21347
2013-02-06,3,2759
2013-02-06,10,23482
2013-02-06,0,12060
2013-02-06,22,29894
2013-02-06,9,27824
2013-02-06,15,24838
2013-02-06,17,26494
2013-02-06,8,29413
2013-02-06,18,33573
2013-02-06,14,25430
2013-02-06,19,34100
2013-02-06,5,4209
2013-02-06,7,24628
2013-02-06,23,22396
2013-02-06,12,24915
2013-02-06,6,12248
2013-02-06,1,6635
2013-02-06,21,32981
2013-02-06,4,2571
2013-02-06,11,23140
2013-02-06,20,33508
2013-02-07,8,30560
2013-02-07,4,3270
2013-02-07,7,25661
2013-02-07,5,4622
2013-02-07,12,26485
2013-02-07,10,25539
2013-02-07,21,34206
2013-02-07,0,15090
2013-02-07,13,25802
2013-02-07,17,24477
2013-02-07,18,32029
2013-02-07,3,3546
2013-02-07,15,25752
2013-02-07,16,20448
2013-02-07,11,24938
2013-02-07,22,32403
2013-02-07,14,27770
2013-02-07,1,8627
2013-02-07,23,27565
2013-02-07,9,28684
2013-02-07,2,5488
2013-02-07,19,34891
2013-02-07,20,34490
2013-02-07,6,12761
2013-02-08,1,13682
2013-02-08,12,26201
2013-02-08,13,24759
2013-02-08,18,19683
2013-02-08,6,12466
2013-02-08,14,25115
2013-02-08,0,21306
2013-02-08,15,21355
2013-02-08,17,15971
2013-02-08,20,17293
2013-02-08,5,5626
2013-02-08,16,15568
2013-02-08,21,15743
2013-02-08,19,20980
2013-02-08,2,9358
2013-02-08,10,24759
2013-02-08,8,28489
2013-02-08,22,15185
2013-02-08,11,24717
2013-02-08,23,11810
2013-02-08,3,6395
2013-02-08,9,27377
2013-02-08,4,5356
2013-02-08,7,23447
2013-02-09,8,4971
2013-02-09,2,5283
2013-02-09,20,30383
2013-02-09,4,2921
2013-02-09,22,32428
2013-02-09,11,14903
2013-02-09,16,22303
2013-02-09,19,33213
2013-02-09,5,1754
2013-02-09,9,8184
2013-02-09,18,30465
2013-02-09,17,25698
2013-02-09,7,3109
2013-02-09,12,17764
2013-02-09,14,20479
2013-02-09,23,33564
2013-02-09,0,8505
2013-02-09,1,6725
2013-02-09,13,19589
2013-02-09,10,11785
2013-02-09,15,22140
2013-02-09,3,4144
2013-02-09,21,29688
2013-02-09,6,2008
2013-02-10,4,11227
2013-02-10,17,24589
2013-02-10,0,31167
2013-02-10,18,26967
2013-02-10,7,6023
2013-02-10,11,22702
2013-02-10,6,4961
2013-02-10,12,25385
2013-02-10,16,22712
2013-02-10,20,20098
2013-02-10,13,24609
2013-02-10,5,5197
2013-02-10,23,14041
2013-02-10,21,18858
2013-02-10,10,19365
2013-02-10,15,23812
2013-02-10,8,9443
2013-02-10,19,24405
2013-02-10,14,23968
2013-02-10,22,17577
2013-02-10,3,18389
2013-02-10,9,14477
2013-02-10,1,26919
2013-02-10,2,22721
2013-02-11,22,22852
2013-02-11,13,21595
2013-02-11,17,25540
2013-02-11,3,2416
2013-02-11,8,27548
2013-02-11,4,2613
2013-02-11,18,31123
2013-02-11,16,20786
2013-02-11,9,26514
2013-02-11,1,5402
2013-02-11,15,23786
2013-02-11,12,22109
2013-02-11,7,23390
2013-02-11,5,4991
2013-02-11,19,31342
2013-02-11,21,26149
2013-02-11,23,16486
2013-02-11,6,13173
2013-02-11,10,23855
2013-02-11,14,23727
2013-02-11,0,9520
2013-02-11,11,22526
2013-02-11,2,3497
2013-02-11,20,28007
2013-02-12,21,32002
2013-02-12,20,33078
2013-02-12,3,2667
2013-02-12,6,12485
2013-02-12,12,24915
2013-02-12,13,23813
2013-02-12,16,20980
2013-02-12,18,32442
2013-02-12,22,29258
2013-02-12,0,10727
2013-02-12,15,25187
2013-02-12,2,3940
2013-02-12,8,28713
2013-02-12,17,25780
2013-02-12,5,4452
2013-02-12,9,27472
2013-02-12,4,2628
2013-02-12,10,24769
2013-02-12,14,26069
2013-02-12,7,24365
2013-02-12,1,6761
2013-02-12,23,23464
2013-02-12,11,24054
2013-02-12,19,33942
2013-02-13,6,12815
2013-02-13,5,4434
2013-02-13,14,26725
2013-02-13,4,3268
2013-02-13,8,29437
2013-02-13,18,32814
2013-02-13,7,25077
2013-02-13,1,8936
2013-02-13,12,25506
2013-02-13,20,33493
2013-02-13,13,24792
2013-02-13,2,5591
2013-02-13,0,15397
2013-02-13,17,25660
2013-02-13,21,32000
2013-02-13,22,30863
2013-02-13,10,24661
2013-02-13,15,25420
2013-02-13,16,20766
2013-02-13,23,26149
2013-02-13,3,3726
2013-02-13,11,24426
2013-02-13,9,27971
2013-02-13,19,34323
2013-02-14,12,25260
2013-02-14,0,16493
2013-02-14,11,23810
2013-02-14,16,19518
2013-02-14,1,9925
2013-02-14,21,33451
2013-02-14,22,32449
2013-02-14,3,3899
2013-02-14,8,29243
2013-02-14,15,24145
2013-02-14,20,34581
2013-02-14,10,24433
2013-02-14,5,4834
2013-02-14,23,28329
2013-02-14,14,26318
2013-02-14,18,31449
2013-02-14,19,34694
2013-02-14,9,27848
2013-02-14,13,24589
2013-02-14,6,12935
2013-02-14,2,6391
2013-02-14,17,24584
2013-02-14,4,3562
2013-02-14,7,24736
2013-02-15,14,25912
2013-02-15,22,32661
2013-02-15,5,5279
2013-02-15,8,28384
2013-02-15,16,18785
2013-02-15,4,5127
2013-02-15,9,26997
2013-02-15,23,32905
2013-02-15,0,22487
2013-02-15,19,33783
2013-02-15,21,31507
2013-02-15,6,12382
2013-02-15,13,24331
2013-02-15,15,23506
2013-02-15,17,23480
2013-02-15,11,23591
2013-02-15,10,23674
2013-02-15,2,9990
2013-02-15,12,24585
2013-02-15,1,14735
2013-02-15,18,30525
2013-02-15,7,23180
2013-02-15,20,32686
2013-02-15,3,6637
2013-02-16,12,24916
2013-02-16,14,24564
2013-02-16,16,23052
2013-02-16,22,33382
2013-02-16,23,35442
2013-02-16,18,31714
2013-02-16,11,22694
2013-02-16,15,25140
2013-02-16,21,30795
2013-02-16,0,30822
2013-02-16,19,34290
2013-02-16,10,19758
2013-02-16,2,21800
2013-02-16,13,25962
2013-02-16,20,31377
2013-02-16,4,10533
2013-02-16,3,16588
2013-02-16,1,26359
2013-02-16,6,5894
2013-02-16,7,7364
2013-02-16,8,11729
2013-02-16,5,5071
2013-02-16,17,26640
2013-02-16,9,16405
2013-02-17,5,5562
2013-02-17,18,28678
2013-02-17,15,25798
2013-02-17,11,23179
2013-02-17,1,29682
2013-02-17,16,23346
2013-02-17,20,25717
2013-02-17,0,33334
2013-02-17,14,26128
2013-02-17,7,5455
2013-02-17,12,25946
2013-02-17,3,20120
2013-02-17,8,7946
2013-02-17,17,25155
2013-02-17,13,26735
2013-02-17,9,12775
2013-02-17,6,4952
2013-02-17,23,21267
2013-02-17,21,25374
2013-02-17,2,25318
2013-02-17,4,12712
2013-02-17,10,18781
2013-02-17,19,28103
2013-02-17,22,24146
2013-02-18,0,16371
2013-02-18,13,22705
2013-02-18,7,9011
2013-02-18,20,22096
2013-02-18,15,23587
2013-02-18,1,11452
2013-02-18,9,17445
2013-02-18,11,20814
2013-02-18,16,22006
2013-02-18,21,21396
2013-02-18,5,3537
2013-02-18,10,19149
2013-02-18,18,28018
2013-02-18,6,6280
2013-02-18,22,18849
2013-02-18,14,23713
2013-02-18,8,14108
2013-02-18,12,22787
2013-02-18,4,4308
2013-02-18,17,25009
2013-02-18,23,14373
2013-02-18,19,26130
2013-02-18,2,8194
2013-02-18,3,5766
2013-02-19,0,9356
2013-02-19,6,11920
2013-02-19,10,22113
2013-02-19,22,24314
2013-02-19,4,2365
2013-02-19,19,30038
2013-02-19,21,26726
2013-02-19,1,5200
2013-02-19,15,23321
2013-02-19,16,19945
2013-02-19,20,28410
2013-02-19,7,20405
2013-02-19,17,24793
2013-02-19,14,25770
2013-02-19,18,30784
2013-02-19,23,17958
2013-02-19,3,2206
2013-02-19,13,26496
2013-02-19,2,3176
2013-02-19,5,4438
2013-02-19,12,23870
2013-02-19,8,25778
2013-02-19,11,20893
2013-02-19,9,26108
2013-02-20,3,2766
2013-02-20,0,11398
2013-02-20,22,29688
2013-02-20,5,4365
2013-02-20,23,22689
2013-02-20,8,28825
2013-02-20,14,26775
2013-02-20,6,12397
2013-02-20,17,26754
2013-02-20,13,24711
2013-02-20,1,6495
2013-02-20,11,23932
2013-02-20,15,25770
2013-02-20,20,33984
2013-02-20,7,23520
2013-02-20,2,4079
2013-02-20,16,21661
2013-02-20,12,25535
2013-02-20,9,27574
2013-02-20,4,2641
2013-02-20,19,35505
2013-02-20,21,33009
2013-02-20,10,24430
2013-02-20,18,34004
2013-02-21,12,25759
2013-02-21,13,24895
2013-02-21,14,26571
2013-02-21,17,26661
2013-02-21,6,12734
2013-02-21,11,24608
2013-02-21,15,25854
2013-02-21,22,33150
2013-02-21,8,29649
2013-02-21,23,28105
2013-02-21,3,3303
2013-02-21,2,5087
2013-02-21,16,21363
2013-02-21,19,36811
2013-02-21,4,3035
2013-02-21,1,8158
2013-02-21,7,24245
2013-02-21,21,35194
2013-02-21,10,25109
2013-02-21,20,36083
2013-02-21,18,34557
2013-02-21,5,4513
2013-02-21,9,28677
2013-02-21,0,13958
2013-02-22,11,25026
2013-02-22,13,25524
2013-02-22,15,24938
2013-02-22,23,35251
2013-02-22,16,20972
2013-02-22,8,29446
2013-02-22,21,33348
2013-02-22,7,23568
2013-02-22,18,33409
2013-02-22,14,27244
2013-02-22,19,36164
2013-02-22,20,34827
2013-02-22,4,4480
2013-02-22,3,5721
2013-02-22,17,26321
2013-02-22,22,34358
2013-02-22,5,4843
2013-02-22,12,25529
2013-02-22,2,8458
2013-02-22,10,25474
2013-02-22,0,20487
2013-02-22,1,12925
2013-02-22,9,28063
2013-02-22,6,12362
2013-02-23,15,29082
2013-02-23,9,19165
2013-02-23,16,24236
2013-02-23,7,7579
2013-02-23,5,5107
2013-02-23,3,16965
2013-02-23,1,27383
2013-02-23,12,29876
2013-02-23,19,35056
2013-02-23,0,32872
2013-02-23,17,26910
2013-02-23,18,33216
2013-02-23,21,31379
2013-02-23,4,10608
2013-02-23,6,5407
2013-02-23,8,12575
2013-02-23,10,24083
2013-02-23,11,27589
2013-02-23,13,29866
2013-02-23,14,31242
2013-02-23,2,22717
2013-02-23,23,35327
2013-02-23,20,32053
2013-02-23,22,34519
2013-02-24,0,33428
2013-02-24,10,20373
2013-02-24,16,22607
2013-02-24,8,11043
2013-02-24,18,28124
2013-02-24,13,25718
2013-02-24,3,20157
2013-02-24,9,14821
2013-02-24,20,18920
2013-02-24,21,18358
2013-02-24,12,24835
2013-02-24,2,25358
2013-02-24,7,6328
2013-02-24,14,25399
2013-02-24,17,24427
2013-02-24,5,5367
2013-02-24,15,24599
2013-02-24,23,12934
2013-02-24,4,12313
2013-02-24,1,29336
2013-02-24,22,17653
2013-02-24,19,24632
2013-02-24,6,4874
2013-02-24,11,23179
2013-02-25,10,21938
2013-02-25,16,20598
2013-02-25,22,21122
2013-02-25,7,22796
2013-02-25,13,21923
2013-02-25,14,23628
2013-02-25,5,4657
2013-02-25,20,26934
2013-02-25,15,23309
2013-02-25,2,3392
2013-02-25,23,15051
2013-02-25,6,12644
2013-02-25,9,25978
2013-02-25,12,21329
2013-02-25,18,30976
2013-02-25,8,27451
2013-02-25,0,16882
2013-02-25,11,20417
2013-02-25,4,2648
2013-02-25,17,25288
2013-02-25,21,25049
2013-02-25,3,2385
2013-02-25,19,29919
2013-02-25,1,5641
2013-02-26,18,32775
2013-02-26,14,25187
2013-02-26,11,22560
2013-02-26,10,23908
2013-02-26,13,23459
2013-02-26,19,34987
2013-02-26,20,33432
2013-02-26,3,2369
2013-02-26,1,5574
2013-02-26,2,3561
2013-02-26,8,29305
2013-02-26,15,24976
2013-02-26,5,4147
2013-02-26,21,31701
2013-02-26,4,2316
2013-02-26,7,23578
2013-02-26,0,9781
2013-02-26,17,25870
2013-02-26,9,27609
2013-02-26,12,23724
2013-02-26,22,30375
2013-02-26,16,21032
2013-02-26,23,21848
2013-02-26,6,12538
2013-02-27,13,22562
2013-02-27,10,25657
2013-02-27,21,30786
2013-02-27,18,32482
2013-02-27,12,24127
2013-02-27,16,20078
2013-02-27,22,28692
2013-02-27,15,23750
2013-02-27,2,4824
2013-02-27,19,33769
2013-02-27,3,3134
2013-02-27,6,14697
2013-02-27,7,26295
2013-02-27,1,8339
2013-02-27,20,31997
2013-02-27,5,5021
2013-02-27,0,14482
2013-02-27,23,22208
2013-02-27,9,28606
2013-02-27,14,24561
2013-02-27,8,30270
2013-02-27,11,24498
2013-02-27,4,2889
2013-02-27,17,25309
2013-02-28,1,8794
2013-02-28,5,4731
2013-02-28,17,25319
2013-02-28,19,35102
2013-02-28,22,32018
2013-02-28,6,12941
2013-02-28,10,23783
2013-02-28,14,26731
2013-02-28,15,24507
2013-02-28,8,29376
2013-02-28,18,33441
2013-02-28,3,3744
2013-02-28,2,5736
2013-02-28,11,23278
2013-02-28,23,28151
2013-02-28,4,3335
2013-02-28,16,19851
2013-02-28,21,33842
2013-02-28,20,34095
2013-02-28,12,24500
2013-02-28,0,14656
2013-02-28,13,24303
2013-02-28,7,24737
2013-02-28,9,27919
2013-03-01,10,24554
2013-03-01,17,26169
2013-03-01,6,13001
2013-03-01,4,5061
2013-03-01,19,36725
2013-03-01,3,6294
2013-03-01,15,24831
2013-03-01,21,34875
2013-03-01,5,5241
2013-03-01,8,28972
2013-03-01,14,27031
2013-03-01,16,20707
2013-03-01,22,34978
2013-03-01,0,21864
2013-03-01,12,25366
2013-03-01,18,33620
2013-03-01,1,13703
2013-03-01,13,25286
2013-03-01,20,36297
2013-03-01,2,9420
2013-03-01,7,23503
2013-03-01,11,24207
2013-03-01,23,35239
2013-03-01,9,27545
2013-03-02,15,27227
2013-03-02,16,24130
2013-03-02,22,34796
2013-03-02,11,25101
2013-03-02,5,5259
2013-03-02,8,12868
2013-03-02,9,18759
2013-03-02,18,34685
2013-03-02,20,34009
2013-03-02,6,5858
2013-03-02,19,36055
2013-03-02,0,33166
2013-03-02,12,27902
2013-03-02,13,28582
2013-03-02,14,27819
2013-03-02,4,11293
2013-03-02,3,17582
2013-03-02,1,28532
2013-03-02,23,36205
2013-03-02,10,22139
2013-03-02,17,28282
2013-03-02,21,33201
2013-03-02,2,23388
2013-03-02,7,7816
2013-03-03,19,25856
2013-03-03,10,20788
2013-03-03,12,27016
2013-03-03,22,19288
2013-03-03,7,6557
2013-03-03,1,30455
2013-03-03,23,14358
2013-03-03,5,5553
2013-03-03,0,34342
2013-03-03,11,24428
2013-03-03,16,22530
2013-03-03,14,26304
2013-03-03,20,22326
2013-03-03,9,14923
2013-03-03,2,25850
2013-03-03,21,21004
2013-03-03,4,12721
2013-03-03,18,27500
2013-03-03,13,26575
2013-03-03,17,24454
2013-03-03,3,20107
2013-03-03,8,9702
2013-03-03,6,5018
2013-03-03,15,25657
2013-03-04,3,2555
2013-03-04,19,32568
2013-03-04,7,23152
2013-03-04,12,22349
2013-03-04,14,24175
2013-03-04,4,2811
2013-03-04,5,4948
2013-03-04,11,21520
2013-03-04,15,24348
2013-03-04,8,27100
2013-03-04,2,3602
2013-03-04,1,5396
2013-03-04,16,21609
2013-03-04,20,29476
2013-03-04,6,12932
2013-03-04,21,27288
2013-03-04,9,25758
2013-03-04,22,24023
2013-03-04,13,21720
2013-03-04,17,26795
2013-03-04,10,22454
2013-03-04,0,9710
2013-03-04,18,32903
2013-03-04,23,17399
2013-03-05,22,27918
2013-03-05,4,2568
2013-03-05,6,12524
2013-03-05,9,27673
2013-03-05,2,3852
2013-03-05,5,4416
2013-03-05,7,24323
2013-03-05,10,23918
2013-03-05,19,33625
2013-03-05,3,2362
2013-03-05,15,24474
2013-03-05,16,20983
2013-03-05,20,32229
2013-03-05,11,22744
2013-03-05,12,23986
2013-03-05,17,26678
2013-03-05,13,23467
2013-03-05,23,20743
2013-03-05,8,28932
2013-03-05,0,10962
2013-03-05,14,25576
2013-03-05,18,33007
2013-03-05,1,6094
2013-03-05,21,30761
2013-03-06,0,13173
2013-03-06,18,33807
2013-03-06,23,21584
2013-03-06,8,30344
2013-03-06,14,26770
2013-03-06,1,7543
2013-03-06,17,26841
2013-03-06,13,24985
2013-03-06,16,21528
2013-03-06,21,31297
2013-03-06,3,3226
2013-03-06,9,28620
2013-03-06,6,12693
2013-03-06,7,25117
2013-03-06,19,34862
2013-03-06,20,33025
2013-03-06,4,2902
2013-03-06,10,24993
2013-03-06,11,25671
2013-03-06,15,25855
2013-03-06,22,28140
2013-03-06,12,26067
2013-03-06,2,4827
2013-03-06,5,4439
2013-03-07,6,12748
2013-03-07,16,21946
2013-03-07,12,26023
2013-03-07,2,5085
2013-03-07,20,34527
2013-03-07,13,25858
2013-03-07,7,25285
2013-03-07,3,3398
2013-03-07,11,24308
2013-03-07,18,33371
2013-03-07,14,27415
2013-03-07,22,31750
2013-03-07,0,14420
2013-03-07,15,27272
2013-03-07,5,4347
2013-03-07,19,35805
2013-03-07,4,3003
2013-03-07,10,25157
2013-03-07,1,8103
2013-03-07,21,33400
2013-03-07,23,28495
2013-03-07,17,27702
2013-03-07,9,28374
2013-03-07,8,30524
2013-03-08,11,24471
2013-03-08,10,23971
2013-03-08,14,25808
2013-03-08,1,13108
2013-03-08,8,26596
2013-03-08,9,25210
2013-03-08,20,33987
2013-03-08,15,24363
2013-03-08,19,36569
2013-03-08,2,8415
2013-03-08,22,33425
2013-03-08,5,5073
2013-03-08,7,23270
2013-03-08,17,27044
2013-03-08,21,32212
2013-03-08,16,21066
2013-03-08,0,20823
2013-03-08,12,24305
2013-03-08,23,34041
2013-03-08,6,13371
2013-03-08,13,24503
2013-03-08,18,33791
2013-03-08,3,5693
2013-03-08,4,4472
2013-03-09,11,25231
2013-03-09,5,5036
2013-03-09,15,26454
2013-03-09,18,32491
2013-03-09,22,34616
2013-03-09,17,25444
2013-03-09,12,27073
2013-03-09,7,8342
2013-03-09,10,22645
2013-03-09,1,26772
2013-03-09,3,16429
2013-03-09,0,31879
2013-03-09,6,5662
2013-03-09,23,35996
2013-03-09,9,18435
2013-03-09,14,26794
2013-03-09,4,10416
2013-03-09,16,22626
2013-03-09,21,31410
2013-03-09,20,32280
2013-03-09,13,27312
2013-03-09,19,34259
2013-03-09,2,21680
2013-03-09,8,12918
2013-03-10,16,22185
2013-03-10,3,26605
2013-03-10,4,17985
2013-03-10,6,6046
2013-03-10,9,13501
2013-03-10,11,23008
2013-03-10,23,14145
2013-03-10,10,18795
2013-03-10,19,25316
2013-03-10,18,26448
2013-03-10,15,25067
2013-03-10,13,26195
2013-03-10,14,25886
2013-03-10,20,22362
2013-03-10,8,8771
2013-03-10,1,29274
2013-03-10,12,25283
2013-03-10,22,18040
2013-03-10,0,33160
2013-03-10,17,23501
2013-03-10,7,6431
2013-03-10,5,9678
2013-03-10,21,20655
2013-03-11,18,30605
2013-03-11,22,22466
2013-03-11,20,27522
2013-03-11,5,4442
2013-03-11,9,26637
2013-03-11,11,21077
2013-03-11,15,23715
2013-03-11,7,22242
2013-03-11,10,22540
2013-03-11,2,3790
2013-03-11,3,2746
2013-03-11,8,27261
2013-03-11,0,10024
2013-03-11,13,21453
2013-03-11,14,23475
2013-03-11,6,11728
2013-03-11,17,25301
2013-03-11,19,30432
2013-03-11,23,16459
2013-03-11,4,2899
2013-03-11,12,22122
2013-03-11,1,5969
2013-03-11,16,21264
2013-03-11,21,25314
2013-03-12,13,26562
2013-03-12,3,2484
2013-03-12,18,30643
2013-03-12,20,30242
2013-03-12,1,6648
2013-03-12,19,31400
2013-03-12,23,20206
2013-03-12,4,2583
2013-03-12,6,12652
2013-03-12,17,24302
2013-03-12,12,26271
2013-03-12,22,26490
2013-03-12,14,27146
2013-03-12,7,24380
2013-03-12,8,29061
2013-03-12,10,26309
2013-03-12,21,29499
2013-03-12,15,25518
2013-03-12,2,3952
2013-03-12,0,10746
2013-03-12,11,26560
2013-03-12,16,18789
2013-03-12,5,4406
2013-03-12,9,28073
2013-03-13,14,25536
2013-03-13,11,24566
2013-03-13,2,4983
2013-03-13,4,2944
2013-03-13,19,34356
2013-03-13,23,25730
2013-03-13,17,25469
2013-03-13,5,4345
2013-03-13,15,24771
2013-03-13,13,24110
2013-03-13,1,7980
2013-03-13,18,33046
2013-03-13,16,20103
2013-03-13,22,30205
2013-03-13,3,3435
2013-03-13,0,13404
2013-03-13,10,24493
2013-03-13,8,29968
2013-03-13,21,33032
2013-03-13,9,27405
2013-03-13,12,25107
2013-03-13,6,12073
2013-03-13,7,24121
2013-03-13,20,33661
2013-03-14,12,27682
2013-03-14,17,25475
2013-03-14,9,29209
2013-03-14,0,17225
2013-03-14,15,25114
2013-03-14,19,35569
2013-03-14,14,27260
2013-03-14,22,33710
2013-03-14,23,30163
2013-03-14,7,24884
2013-03-14,1,10078
2013-03-14,10,27445
2013-03-14,11,27140
2013-03-14,4,3666
2013-03-14,6,12656
2013-03-14,21,35203
2013-03-14,3,4114
2013-03-14,8,30504
2013-03-14,5,4820
2013-03-14,20,35519
2013-03-14,13,26485
2013-03-14,16,19771
2013-03-14,18,32437
2013-03-14,2,6531
2013-03-15,15,24717
2013-03-15,19,34584
2013-03-15,7,24041
2013-03-15,10,26221
2013-03-15,23,34214
2013-03-15,13,24846
2013-03-15,18,31565
2013-03-15,11,25879
2013-03-15,1,14615
2013-03-15,21,33481
2013-03-15,5,5488
2013-03-15,9,28200
2013-03-15,0,23080
2013-03-15,2,9791
2013-03-15,22,34630
2013-03-15,4,5263
2013-03-15,3,6677
2013-03-15,6,12564
2013-03-15,16,19153
2013-03-15,12,25783
2013-03-15,14,27087
2013-03-15,20,34216
2013-03-15,17,24587
2013-03-15,8,28678
2013-03-16,13,28651
2013-03-16,5,5342
2013-03-16,16,21129
2013-03-16,7,8043
2013-03-16,22,34591
2013-03-16,12,27627
2013-03-16,18,33913
2013-03-16,20,33992
2013-03-16,21,33076
2013-03-16,0,31727
2013-03-16,23,35579
2013-03-16,6,5768
2013-03-16,9,18835
2013-03-16,1,27672
2013-03-16,17,27100
2013-03-16,8,13119
2013-03-16,14,28866
2013-03-16,11,24930
2013-03-16,4,11005
2013-03-16,19,34935
2013-03-16,2,22867
2013-03-16,10,21820
2013-03-16,15,26632
2013-03-16,3,16837
2013-03-17,12,27066
2013-03-17,2,24414
2013-03-17,20,23270
2013-03-17,23,15775
2013-03-17,5,6004
2013-03-17,0,33256
2013-03-17,16,22724
2013-03-17,17,25224
2013-03-17,14,27014
2013-03-17,21,21630
2013-03-17,6,7365
2013-03-17,9,14910
2013-03-17,3,18761
2013-03-17,4,12088
2013-03-17,18,26799
2013-03-17,13,27255
2013-03-17,19,25305
2013-03-17,10,19998
2013-03-17,15,25312
2013-03-17,22,19703
2013-03-17,7,6833
2013-03-17,8,9869
2013-03-17,1,29406
2013-03-17,11,23753
2013-03-18,16,21233
2013-03-18,19,32210
2013-03-18,22,22107
2013-03-18,11,21136
2013-03-18,8,26190
2013-03-18,17,26785
2013-03-18,4,3371
2013-03-18,6,12391
2013-03-18,18,32900
2013-03-18,5,4989
2013-03-18,9,25968
2013-03-18,21,24471
2013-03-18,0,10598
2013-03-18,1,6750
2013-03-18,2,4388
2013-03-18,15,22872
2013-03-18,20,27010
2013-03-18,7,21424
2013-03-18,10,22772
2013-03-18,14,23654
2013-03-18,3,3136
2013-03-18,13,21921
2013-03-18,12,22322
2013-03-18,23,17464
2013-03-19,19,32712
2013-03-19,14,22903
2013-03-19,10,24587
2013-03-19,8,27451
2013-03-19,3,2443
2013-03-19,13,21624
2013-03-19,16,19191
2013-03-19,23,20223
2013-03-19,1,6666
2013-03-19,22,26979
2013-03-19,5,4244
2013-03-19,17,24269
2013-03-19,18,30618
2013-03-19,21,29904
2013-03-19,0,11511
2013-03-19,15,22225
2013-03-19,9,27650
2013-03-19,12,24632
2013-03-19,4,2465
2013-03-19,11,26266
2013-03-19,6,12132
2013-03-19,7,22500
2013-03-19,2,4047
2013-03-19,20,29786
2013-03-20,16,19374
2013-03-20,18,31465
2013-03-20,19,32995
2013-03-20,2,5001
2013-03-20,21,31814
2013-03-20,9,28347
2013-03-20,17,24151
2013-03-20,22,29371
2013-03-20,3,3269
2013-03-20,14,24209
2013-03-20,5,4545
2013-03-20,13,23218
2013-03-20,15,23355
2013-03-20,23,23365
2013-03-20,8,28284
2013-03-20,7,22559
2013-03-20,11,22667
2013-03-20,0,13340
2013-03-20,10,23630
2013-03-20,20,31897
2013-03-20,1,7744
2013-03-20,4,3077
2013-03-20,6,12306
2013-03-20,12,23796
2013-03-21,23,29319
2013-03-21,7,22873
2013-03-21,2,5873
2013-03-21,5,4654
2013-03-21,3,3893
2013-03-21,0,15462
2013-03-21,11,23650
2013-03-21,16,16666
2013-03-21,4,3449
2013-03-21,17,21389
2013-03-21,6,12289
2013-03-21,15,21672
2013-03-21,21,33812
2013-03-21,18,28382
2013-03-21,1,9107
2013-03-21,19,31359
2013-03-21,22,32462
2013-03-21,9,28259
2013-03-21,14,23010
2013-03-21,13,24200
2013-03-21,10,24792
2013-03-21,12,24886
2013-03-21,20,34346
2013-03-21,8,29199
2013-03-22,14,26154
2013-03-22,23,34075
2013-03-22,0,21629
2013-03-22,10,24140
2013-03-22,15,24440
2013-03-22,6,12026
2013-03-22,2,8880
2013-03-22,19,36528
2013-03-22,20,34507
2013-03-22,7,21542
2013-03-22,12,24915
2013-03-22,13,24313
2013-03-22,22,34373
2013-03-22,3,6052
2013-03-22,9,26719
2013-03-22,8,27361
2013-03-22,1,13769
2013-03-22,16,20071
2013-03-22,17,26296
2013-03-22,21,33378
2013-03-22,4,4819
2013-03-22,5,4927
2013-03-22,11,23779
2013-03-22,18,33554
2013-03-23,16,22767
2013-03-23,7,7633
2013-03-23,22,34292
2013-03-23,3,16662
2013-03-23,13,26534
2013-03-23,19,34425
2013-03-23,21,31594
2013-03-23,6,5293
2013-03-23,8,11287
2013-03-23,15,25995
2013-03-23,14,26180
2013-03-23,23,34959
2013-03-23,10,20916
2013-03-23,2,21943
2013-03-23,20,32218
2013-03-23,4,10676
2013-03-23,18,32029
2013-03-23,9,16807
2013-03-23,11,24036
2013-03-23,12,26160
2013-03-23,17,26603
2013-03-23,1,27080
2013-03-23,5,5118
2013-03-23,0,32125
2013-03-24,12,24430
2013-03-24,10,19220
2013-03-24,18,25216
2013-03-24,2,25805
2013-03-24,23,14199
2013-03-24,14,25012
2013-03-24,16,21868
2013-03-24,6,4956
2013-03-24,17,23517
2013-03-24,15,23579
2013-03-24,20,21280
2013-03-24,21,20433
2013-03-24,5,5658
2013-03-24,1,29537
2013-03-24,13,24832
2013-03-24,11,22196
2013-03-24,0,33326
2013-03-24,22,18533
2013-03-24,3,20405
2013-03-24,8,8589
2013-03-24,4,13090
2013-03-24,7,5958
2013-03-24,9,13127
2013-03-24,19,23235
2013-03-25,22,22517
2013-03-25,18,30183
2013-03-25,15,23545
2013-03-25,21,22762
2013-03-25,12,22034
2013-03-25,2,3911
2013-03-25,4,2960
2013-03-25,16,20867
2013-03-25,10,21593
2013-03-25,11,21477
2013-03-25,0,9996
2013-03-25,1,6287
2013-03-25,20,24519
2013-03-25,8,24667
2013-03-25,9,24813
2013-03-25,13,22019
2013-03-25,3,2840
2013-03-25,6,11605
2013-03-25,14,24999
2013-03-25,23,17567
2013-03-25,5,4544
2013-03-25,17,25790
2013-03-25,19,27896
2013-03-25,7,19537
2013-03-26,10,21195
2013-03-26,2,3741
2013-03-26,11,20494
2013-03-26,15,23296
2013-03-26,4,2453
2013-03-26,13,21198
2013-03-26,17,24602
2013-03-26,16,19196
2013-03-26,20,31790
2013-03-26,21,30670
2013-03-26,7,18859
2013-03-26,8,24918
2013-03-26,1,6092
2013-03-26,5,3978
2013-03-26,6,10557
2013-03-26,9,25155
2013-03-26,19,33881
2013-03-26,12,21520
2013-03-26,0,10873
2013-03-26,22,28317
2013-03-26,23,21532
2013-03-26,3,2425
2013-03-26,14,22703
2013-03-26,18,30956
2013-03-27,7,19605
2013-03-27,17,24492
2013-03-27,8,25928
2013-03-27,11,21933
2013-03-27,19,33158
2013-03-27,4,3015
2013-03-27,10,22983
2013-03-27,22,30287
2013-03-27,5,4289
2013-03-27,9,25993
2013-03-27,0,14442
2013-03-27,21,31088
2013-03-27,6,11480
2013-03-27,13,23341
2013-03-27,16,19560
2013-03-27,15,22768
2013-03-27,18,30907
2013-03-27,3,3436
2013-03-27,12,23461
2013-03-27,1,8339
2013-03-27,14,23799
2013-03-27,2,5099
2013-03-27,20,32285
2013-03-27,23,25165
2013-03-28,12,25494
2013-03-28,11,23649
2013-03-28,4,3742
2013-03-28,5,4453
2013-03-28,8,26652
2013-03-28,10,23932
2013-03-28,17,22723
2013-03-28,3,4271
2013-03-28,6,11263
2013-03-28,1,10307
2013-03-28,15,22943
2013-03-28,0,17203
2013-03-28,13,25206
2013-03-28,19,32944
2013-03-28,21,33092
2013-03-28,18,29929
2013-03-28,7,20156
2013-03-28,16,18317
2013-03-28,14,26312
2013-03-28,23,29592
2013-03-28,2,6559
2013-03-28,20,33437
2013-03-28,22,32521
2013-03-28,9,27528
2013-03-29,2,12043
2013-03-29,16,19967
2013-03-29,14,25875
2013-03-29,21,29773
2013-03-29,0,25588
2013-03-29,20,31310
2013-03-29,23,31815
2013-03-29,11,23183
2013-03-29,18,31277
2013-03-29,5,4780
2013-03-29,12,24595
2013-03-29,17,25056
2013-03-29,3,8441
2013-03-29,6,7779
2013-03-29,15,24234
2013-03-29,19,33836
2013-03-29,1,17421
2013-03-29,4,6113
2013-03-29,8,20808
2013-03-29,10,23030
2013-03-29,13,23710
2013-03-29,22,32030
2013-03-29,7,12263
2013-03-29,9,24077
2013-03-30,15,24384
2013-03-30,22,29127
2013-03-30,8,9754
2013-03-30,18,28358
2013-03-30,2,21879
2013-03-30,6,4982
2013-03-30,1,26237
2013-03-30,19,31175
2013-03-30,4,10671
2013-03-30,12,23780
2013-03-30,14,24100
2013-03-30,20,28172
2013-03-30,23,30341
2013-03-30,9,14859
2013-03-30,0,30399
2013-03-30,21,26945
2013-03-30,5,5039
2013-03-30,10,19201
2013-03-30,13,24420
2013-03-30,7,6298
2013-03-30,16,21421
2013-03-30,17,24571
2013-03-30,3,16201
2013-03-30,11,22223
2013-03-31,3,16674
2013-03-31,6,4450
2013-03-31,19,24356
2013-03-31,1,25982
2013-03-31,11,21573
2013-03-31,2,21334
2013-03-31,23,11355
2013-03-31,5,5135
2013-03-31,10,19647
2013-03-31,4,11281
2013-03-31,17,22770
2013-03-31,15,21779
2013-03-31,13,24480
2013-03-31,18,24334
2013-03-31,7,5628
2013-03-31,20,24907
2013-03-31,21,21784
2013-03-31,9,12934
2013-03-31,0,28518
2013-03-31,8,8456
2013-03-31,12,23986
2013-03-31,14,25012
2013-03-31,16,20963
2013-03-31,22,19819
